chr,from,length,to,Set6_42.minor,Set6_42.Major,Set6_44.minor,Set6_44.Major,Set6_45.minor,Set6_45.Major,Set6_46.minor,Set6_46.Major,Set6_47.minor,Set6_47.Major,Set6_48.minor,Set6_48.Major
chr1,1421022,34,2538349,1,1,1,1,1,1,0,1,0,1,0,1
chr1,3428160,401,47139103,0,1,0,1,0,1,0,0,0,1,0,0
chr1,48708250,1640,247694949,1,1,1,1,1,1,1,1,1,1,1,1
chr1,247726822,1,247726822,0,2,0,2,0,2,0,2,1,1,1,1
chr2,224919,1823,242557019,1,1,1,1,1,1,1,1,1,1,1,1
chr3,2908335,1353,197273077,1,1,1,1,1,1,1,1,1,1,1,1
chr4,818440,18,1739252,1,1,1,1,1,1,0,1,1,1,0,1
chr4,1746125,71,10599670,1,1,1,1,1,1,0,1,1,1,1,1
chr4,13529990,793,190894246,1,1,1,1,1,1,1,1,1,1,1,1
chr4,190903688,4,190904832,1,2,1,2,1,2,1,2,1,2,1,2
chr5,1880891,246,58476232,1,1,1,1,1,1,1,1,1,1,1,1
chr5,61642937,130,76722442,1,1,1,1,1,1,1,1,1,1,1,1
chr5,78573790,287,160044894,0,2,0,2,0,2,0,2,0,2,0,2
chr5,161111193,5,161579441,0,2,0,2,0,2,0,2,0,2,0,2
chr5,168189501,31,179269075,0,2,0,2,0,2,0,2,0,2,0,2
chr6,1742794,173,22292976,0,2,0,2,1,1,1,1,0,2,0,2
chr6,24146454,133,30313340,1,1,0,2,1,1,1,1,0,2,0,2
chr6,30453795,158,31745284,0,2,0,2,1,1,1,1,0,2,0,2
chr6,31778077,95,32827364,0,2,0,2,1,1,1,1,1,1,0,2
chr6,32902583,55,34026724,1,1,0,2,1,1,1,1,1,1,0,2
chr6,34735676,10,34949607,1,2,0,2,1,1,1,1,1,1,0,2
chr6,35047579,10,35425416,0,2,0,2,1,1,1,1,1,1,0,2
chr6,35542476,49,37447075,0,2,0,2,1,1,1,1,1,1,1,1
chr6,38338015,39,40400868,1,1,1,1,1,1,1,1,1,1,1,1
chr6,41176759,24,42036395,1,2,1,1,1,1,1,1,1,1,1,1
chr6,42225993,2,42231419,0,2,1,1,1,1,1,1,1,1,1,1
chr6,42571346,736,169857761,1,1,1,1,1,1,1,1,1,1,1,1
chr7,1089458,10,1894116,1,1,1,1,1,1,0,1,0,1,0,0
chr7,2041638,51,7613039,1,1,1,1,1,1,0,1,1,1,1,1
chr7,8560178,886,158902425,1,1,1,1,1,1,1,1,1,1,1,1
chr8,1808256,748,141568725,1,1,1,1,1,1,1,1,1,1,1,1
chr8,142490120,5,143425720,1,1,1,1,1,1,1,1,1,1,1,1
chr9,990840,602,128978468,1,1,1,1,1,1,1,1,1,1,1,1
chr9,129158002,255,140416025,1,1,1,1,1,1,0,1,1,1,0,1
chr10,329188,302,64159333,1,1,1,1,1,1,1,1,1,1,1,1
chr10,69684961,118,92503619,0,1,0,1,0,1,0,0,0,1,0,1
chr10,92645687,343,134898594,1,1,1,1,1,1,1,1,1,1,1,1
chr11,609353,50,4880892,1,1,1,1,1,1,0,1,1,1,0,1
chr11,4928866,12,5384003,1,1,0,2,1,1,0,2,1,1,1,1
chr11,5410934,367,55798259,1,1,1,1,1,1,1,1,1,1,1,1
chr11,55839278,288,76923017,1,1,1,1,1,1,0,1,1,1,1,1
chr11,78277277,51,88338165,1,1,1,1,1,1,1,1,1,1,1,1
chr11,93103419,8,93534990,1,1,1,1,1,1,1,1,1,1,1,1
chr11,93801012,350,134238518,1,1,1,1,1,1,1,1,1,1,1,1
chr12,661656,151,7655278,1,1,1,1,1,1,0,1,1,1,1,1
chr12,9334769,1085,122243905,1,1,1,1,1,1,1,1,1,1,1,1
chr12,122492598,2,122498002,1,1,1,1,1,1,1,1,1,1,1,1
chr12,122606596,3,122606662,0,2,0,2,1,1,1,2,1,1,1,1
chr12,122614060,81,131155677,1,1,1,1,1,1,1,1,1,1,1,1
chr12,133363376,4,133378440,1,1,1,1,1,1,0,1,1,1,0,1
chr13,21063524,425,115064542,1,1,1,1,1,1,1,1,1,1,1,1
chr14,20820537,790,106377944,1,1,1,1,1,1,1,1,1,1,1,1
chr14,106780634,2,106781023,1,1,1,1,1,1,1,2,1,1,1,1
chr14,106790942,24,107283150,1,1,1,1,1,1,0,2,1,1,1,1
chr15,25953068,8,27188459,1,1,1,1,1,1,1,1,1,1,0,2
chr15,33533869,230,60715800,1,1,1,1,1,1,0,2,0,2,0,2
chr15,62535030,3,62538959,1,1,0,2,1,1,0,2,0,2,0,2
chr15,63054439,69,67008737,1,1,1,1,1,1,0,2,0,2,0,2
chr15,67501782,5,67951150,1,1,1,1,1,1,0,1,0,2,0,2
chr15,68050857,187,101812924,1,1,1,1,1,1,0,1,0,2,0,2
chr16,420140,123,5106050,1,1,1,1,1,1,0,1,1,1,0,1
chr16,7696691,515,89763619,1,1,1,1,1,1,0,1,1,1,1,1
chr17,423051,443,39197499,1,1,1,1,1,1,0,1,1,1,0,1
chr17,39346621,7,39458893,1,2,1,3,1,2,0,2,1,1,1,1
chr17,39551099,34,39791686,1,1,1,1,1,1,0,1,1,1,1,1
chr17,40271757,104,48693760,1,1,1,1,1,1,0,1,1,1,0,1
chr17,49054439,194,68931722,1,1,1,1,1,1,0,1,1,1,1,1
chr17,71167521,260,81052042,1,1,1,1,1,1,0,1,0,1,0,1
chr18,166819,228,77926795,0,1,0,1,0,1,0,0,0,1,0,1
chr19,727448,523,19946637,1,1,1,1,1,1,0,1,1,1,0,1
chr19,31038995,65,36585111,1,1,1,1,1,1,0,1,1,1,1,1
chr19,36940698,44,38202414,1,1,1,1,1,1,1,1,1,1,1,1
chr19,38282727,14,38385695,1,1,1,1,1,1,0,1,1,1,1,1
chr19,38935280,73,42354629,1,1,1,1,1,1,0,1,1,1,0,1
chr19,44376681,15,44936245,1,1,1,2,1,1,1,1,1,1,1,1
chr19,45206984,400,58697290,1,1,1,1,1,1,0,1,1,1,0,1
chr20,264498,140,25195509,0,1,0,1,0,1,0,0,0,1,0,1
chr20,30662247,292,60294388,1,2,1,2,1,2,1,2,1,2,1,2
chr20,60315268,53,62904542,1,2,1,2,1,2,0,2,1,1,1,1
chr21,16015250,69,32253629,1,1,1,1,1,1,1,1,1,1,1,1
chr21,32519135,4,33039774,1,1,1,2,1,1,0,1,1,1,1,1
chr21,33053987,209,48078611,1,1,1,1,1,1,0,1,1,1,0,1
chr22,19379555,4,22724341,1,1,1,1,1,1,0,1,1,1,0,1
chr22,22758488,20,23135588,1,2,1,2,1,1,1,1,1,1,1,1
chr22,24447303,340,51018579,1,1,1,1,1,1,0,1,1,1,0,1
